day_of_year,humidity,pressure,wind_speed,temperature,next_day_temperature
1,77.9,1012.3,11.3,13.3,12.0
2,69.5,1012.8,7.8,12.0,13.7
3,83.4,1012.5,8.2,13.7,15.7
4,73.2,1008.8,7.3,15.7,11.9
5,76.2,1011.8,10.5,11.9,11.9
6,80.3,1012.5,12.3,11.9,16.0
7,75.0,1011.5,9.4,16.0,14.2
8,80.4,1005.3,8.7,14.2,11.6
9,78.0,1012.1,8.7,11.6,13.9
10,71.2,1018.3,3.9,13.9,11.7
11,78.3,1010.6,10.2,11.7,11.8
12,69.3,1009.6,9.1,11.8,13.4
13,75.8,1013.0,9.7,13.4,8.7
14,77.8,1012.8,7.5,8.7,9.2
15,76.4,1015.6,8.3,9.2,11.8
16,75.3,1008.3,8.3,11.8,10.9
17,65.4,1014.3,11.2,10.9,13.9
18,71.5,1014.0,8.5,13.9,11.3
19,77.0,1011.8,13.5,11.3,10.3
20,78.0,1013.3,10.2,10.3,16.7
21,67.0,1015.5,6.9,16.7,13.1
22,82.9,1015.1,9.2,13.1,13.8
23,69.7,1009.1,8.2,13.8,10.7
24,82.6,1015.0,5.2,10.7,12.7
25,78.2,1012.5,12.9,12.7,14.2
26,70.8,1012.9,11.1,14.2,11.6
27,86.9,1013.0,10.9,11.6,15.0
28,67.0,1012.4,10.2,15.0,13.0
29,80.9,1016.5,7.2,13.0,13.8
30,80.9,1012.7,9.0,13.8,13.2
31,71.3,1009.7,11.7,13.2,18.7
32,80.3,1012.0,8.0,18.7,14.7
33,72.9,1013.7,5.1,14.7,12.6
34,77.4,1017.0,9.8,12.6,16.8
35,74.7,1015.2,10.0,16.8,12.4
36,74.9,1010.9,10.6,12.4,15.7
37,78.6,1020.9,11.8,15.7,11.1
38,81.3,1014.3,11.7,11.1,12.6
39,65.2,1017.4,11.0,12.6,16.1
40,81.4,1013.2,12.9,16.1,17.4
41,62.8,1015.4,7.6,17.4,16.3
42,79.6,1016.3,11.7,16.3,15.8
43,80.5,1017.5,12.0,15.8,15.5
44,67.3,1017.1,8.3,15.5,13.1
45,72.9,1016.6,7.8,13.1,14.9
46,67.6,1013.1,9.4,14.9,15.6
47,72.5,1012.4,9.6,15.6,19.1
48,69.9,1015.2,12.4,19.1,17.7
49,77.3,1017.1,9.8,17.7,13.2
50,83.2,1013.7,9.3,13.2,17.9
51,80.8,1017.6,9.9,17.9,16.5
52,69.9,1018.8,13.4,16.5,16.0
53,72.3,1011.8,11.2,16.0,19.0
54,61.7,1012.1,10.8,19.0,20.1
55,66.3,1014.2,11.0,20.1,20.0
56,77.0,1015.7,13.9,20.0,16.3
57,83.1,1013.2,9.8,16.3,17.6
58,65.2,1018.9,14.0,17.6,19.2
59,68.1,1016.2,11.8,19.2,20.8
60,70.6,1015.1,11.1,20.8,17.7
61,74.2,1010.7,16.5,17.7,18.5
62,67.2,1011.1,9.4,18.5,16.7
63,75.7,1016.0,10.8,16.7,16.6
64,70.4,1008.8,9.1,16.6,21.2
65,70.4,1018.3,13.5,21.2,22.6
66,72.9,1014.8,15.0,22.6,19.6
67,71.5,1025.1,15.0,19.6,22.2
68,67.3,1022.4,14.1,22.2,20.9
69,70.0,1014.9,11.3,20.9,18.9
70,71.3,1015.2,11.0,18.9,21.3
71,68.2,1018.6,8.4,21.3,24.0
72,67.2,1020.8,15.9,24.0,20.7
73,80.4,1010.8,12.7,20.7,24.4
74,71.9,1010.4,10.8,24.4,15.4
75,72.2,1013.9,14.5,15.4,23.1
76,73.5,1017.6,9.9,23.1,21.7
77,68.2,1017.4,12.7,21.7,21.0
78,77.6,1019.2,11.6,21.0,22.0
79,72.2,1012.4,13.2,22.0,17.6
80,72.0,1009.1,11.8,17.6,21.7
81,72.9,1018.7,9.0,21.7,23.1
82,59.9,1013.6,12.1,23.1,25.8
83,61.0,1010.1,14.1,25.8,21.5
84,63.1,1016.6,11.9,21.5,21.1
85,71.4,1018.6,13.5,21.1,21.9
86,80.4,1015.9,9.9,21.9,25.2
87,81.5,1015.0,11.9,25.2,24.1
88,72.6,1015.9,10.7,24.1,22.4
89,72.8,1015.3,13.5,22.4,24.8
90,57.5,1012.4,12.1,24.8,24.1
91,65.5,1014.3,13.4,24.1,26.2
92,62.8,1018.1,14.2,26.2,22.7
93,65.9,1017.5,13.4,22.7,23.7
94,68.0,1017.1,12.5,23.7,23.7
95,66.2,1013.6,10.0,23.7,21.5
96,58.4,1016.1,12.0,21.5,25.5
97,72.4,1010.1,10.9,25.5,25.6
98,61.4,1017.2,11.3,25.6,25.2
99,69.5,1021.0,11.2,25.2,24.9
100,80.7,1012.3,10.0,24.9,22.4
101,64.2,1015.0,8.0,22.4,24.8
102,53.2,1017.8,10.6,24.8,25.1
103,66.4,1020.6,12.3,25.1,24.2
104,75.3,1015.5,9.2,24.2,25.8
105,79.5,1014.8,11.9,25.8,27.2
106,59.5,1011.0,15.7,27.2,30.6
107,67.8,1017.2,13.9,30.6,27.0
108,64.2,1023.0,15.1,27.0,27.4
109,66.2,1017.7,12.6,27.4,26.8
110,83.0,1016.9,14.1,26.8,22.9
111,60.5,1017.9,10.3,22.9,27.2
112,68.4,1016.9,10.5,27.2,27.5
113,69.5,1014.5,6.2,27.5,32.9
114,69.9,1019.4,14.1,32.9,27.2
115,67.4,1017.7,14.8,27.2,28.5
116,68.0,1017.0,10.5,28.5,27.9
117,64.1,1014.1,11.1,27.9,25.5
118,69.5,1020.9,10.1,25.5,30.7
119,62.7,1019.0,12.3,30.7,30.0
120,68.9,1015.3,13.8,30.0,30.2
121,62.8,1020.0,8.0,30.2,26.6
122,69.5,1015.5,12.3,26.6,31.8
123,63.9,1014.7,10.9,31.8,25.8
124,74.5,1014.7,11.6,25.8,30.3
125,64.7,1011.7,12.3,30.3,33.9
126,52.2,1018.4,10.9,33.9,27.1
127,74.5,1011.5,11.1,27.1,28.1
128,60.9,1013.3,10.8,28.1,29.7
129,61.5,1010.7,13.1,29.7,28.5
130,62.5,1016.7,12.0,28.5,26.3
131,75.7,1016.5,11.5,26.3,30.0
132,52.4,1016.0,8.5,30.0,27.6
133,85.5,1013.8,10.3,27.6,31.1
134,70.9,1013.4,12.8,31.1,28.1
135,67.7,1018.3,11.0,28.1,33.6
136,62.7,1015.2,12.2,33.6,28.6
137,67.8,1017.8,14.4,28.6,29.7
138,68.5,1014.2,12.9,29.7,32.3
139,67.7,1017.4,10.9,32.3,27.9
140,69.8,1020.7,9.7,27.9,31.2
141,65.0,1018.5,5.5,31.2,33.6
142,61.8,1015.5,10.2,33.6,27.3
143,65.9,1017.5,9.9,27.3,31.3
144,63.2,1016.0,11.2,31.3,31.6
145,71.1,1016.7,10.1,31.6,32.8
146,67.1,1015.7,9.7,32.8,28.4
147,48.5,1016.1,6.7,28.4,28.3
148,70.2,1017.2,8.4,28.3,32.4
149,64.9,1013.6,11.1,32.4,32.0
150,63.9,1013.5,13.6,32.0,31.9
151,61.7,1012.3,9.9,31.9,32.2
152,70.6,1011.7,10.7,32.2,30.0
153,70.9,1012.8,11.9,30.0,32.1
154,59.3,1016.9,8.3,32.1,32.3
155,66.3,1013.7,10.6,32.3,30.1
156,59.3,1017.8,8.3,30.1,35.8
157,53.4,1016.4,11.4,35.8,32.8
158,59.8,1010.3,9.9,32.8,29.2
159,70.9,1018.1,10.2,29.2,33.3
160,69.0,1018.6,7.9,33.3,29.7
161,68.5,1013.1,10.9,29.7,33.6
162,67.4,1017.3,13.6,33.6,34.4
163,65.6,1013.4,7.3,34.4,30.1
164,61.3,1016.3,8.6,30.1,34.1
165,65.4,1012.1,9.7,34.1,32.9
166,68.3,1010.5,10.7,32.9,33.8
167,67.5,1014.7,7.9,33.8,36.2
168,68.6,1015.4,3.3,36.2,31.5
169,68.6,1014.5,11.6,31.5,30.3
170,67.1,1012.1,10.4,30.3,30.0
171,71.6,1014.4,5.3,30.0,30.2
172,64.9,1016.4,7.5,30.2,31.8
173,58.8,1015.4,11.8,31.8,32.7
174,62.6,1016.0,11.5,32.7,32.6
175,59.2,1013.4,10.4,32.6,33.8
176,58.9,1018.9,8.1,33.8,32.0
177,63.1,1011.8,8.5,32.0,35.1
178,57.4,1016.7,8.0,35.1,31.3
179,62.6,1018.7,10.5,31.3,37.9
180,49.1,1016.6,6.4,37.9,33.2
181,64.5,1014.5,6.5,33.2,29.9
182,65.2,1013.4,10.1,29.9,29.4
183,60.6,1018.1,7.9,29.4,32.8
184,67.5,1010.6,10.9,32.8,31.2
185,70.1,1011.9,6.8,31.2,33.3
186,53.6,1013.6,8.1,33.3,32.7
187,59.0,1018.4,6.5,32.7,31.4
188,59.7,1015.8,8.4,31.4,29.7
189,59.8,1011.7,5.5,29.7,28.2
190,71.3,1013.6,7.5,28.2,30.4
191,63.8,1012.6,5.7,30.4,33.3
192,61.7,1012.3,10.0,33.3,31.8
193,52.1,1017.3,10.2,31.8,28.5
194,69.9,1010.1,5.3,28.5,31.6
195,56.8,1019.0,11.5,31.6,32.0
196,64.4,1016.6,13.9,32.0,29.1
197,67.4,1017.3,9.1,29.1,31.3
198,72.6,1012.6,7.8,31.3,31.0
199,56.7,1013.5,14.8,31.0,28.3
200,48.1,1009.6,6.5,28.3,31.5
201,65.4,1012.2,9.3,31.5,31.9
202,74.9,1015.2,9.7,31.9,32.9
203,70.9,1017.5,12.1,32.9,32.8
204,64.8,1010.3,10.2,32.8,27.3
205,63.9,1012.4,8.5,27.3,28.2
206,71.1,1013.0,7.7,28.2,31.3
207,58.6,1009.2,9.0,31.3,31.2
208,67.3,1015.1,7.7,31.2,31.1
209,67.6,1011.1,9.9,31.1,38.3
210,66.6,1012.6,8.7,38.3,31.0
211,81.2,1011.7,6.9,31.0,32.1
212,66.3,1010.7,12.5,32.1,31.6
213,61.2,1012.9,9.0,31.6,30.8
214,64.5,1012.2,7.5,30.8,28.6
215,55.4,1011.7,9.8,28.6,30.8
216,60.5,1010.6,10.3,30.8,27.4
217,64.3,1013.6,6.7,27.4,28.4
218,63.0,1017.6,11.0,28.4,27.7
219,67.5,1013.0,8.3,27.7,28.9
220,60.9,1015.5,13.8,28.9,33.6
221,69.7,1008.2,11.5,33.6,24.3
222,68.6,1012.8,9.7,24.3,29.8
223,65.3,1009.0,9.1,29.8,24.6
224,66.5,1007.8,10.4,24.6,27.0
225,67.9,1009.9,11.9,27.0,30.3
226,70.0,1015.7,10.7,30.3,27.9
227,61.3,1014.9,10.3,27.9,25.2
228,64.1,1012.7,10.9,25.2,25.9
229,65.9,1007.3,9.7,25.9,28.8
230,57.8,1011.2,10.2,28.8,25.6
231,63.0,1012.7,6.8,25.6,27.5
232,63.8,1012.2,13.0,27.5,27.0
233,72.3,1006.1,11.7,27.0,25.3
234,69.6,1008.9,9.6,25.3,31.3
235,65.6,1011.3,14.9,31.3,27.8
236,71.6,1013.0,11.4,27.8,21.8
237,69.3,1004.8,9.2,21.8,26.5
238,69.6,1010.8,13.0,26.5,24.5
239,67.9,1011.7,12.1,24.5,27.7
240,68.2,1013.7,12.1,27.7,23.9
241,65.4,1013.2,10.5,23.9,25.2
242,53.4,1012.8,12.3,25.2,26.4
243,66.6,1008.6,10.9,26.4,27.0
244,75.5,1005.2,12.6,27.0,22.3
245,75.4,1009.7,7.7,22.3,24.1
246,74.6,1013.8,10.7,24.1,23.6
247,76.5,1014.9,15.0,23.6,23.0
248,69.9,1012.8,10.1,23.0,28.2
249,67.5,1011.9,10.4,28.2,25.0
250,64.5,1011.7,10.8,25.0,21.2
251,68.6,1008.9,9.3,21.2,25.8
252,71.4,1010.1,7.3,25.8,28.3
253,73.4,1015.4,11.3,28.3,25.7
254,66.9,1007.6,12.0,25.7,19.9
255,68.5,1015.2,11.7,19.9,22.1
256,70.0,1009.3,11.5,22.1,25.7
257,71.4,1014.2,11.9,25.7,21.2
258,61.8,1006.0,13.9,21.2,23.6
259,55.3,1011.9,11.5,23.6,24.1
260,65.4,1007.9,10.7,24.1,20.2
261,63.7,1005.8,11.3,20.2,22.0
262,67.0,1010.6,13.1,22.0,14.8
263,73.4,1013.0,14.8,14.8,19.5
264,68.8,1007.4,10.7,19.5,21.0
265,79.3,1005.4,12.2,21.0,18.7
266,74.0,1009.5,12.6,18.7,24.8
267,70.1,1009.5,10.0,24.8,17.9
268,76.2,1011.4,12.0,17.9,19.9
269,64.4,1012.5,9.1,19.9,21.0
270,76.8,1009.5,8.5,21.0,23.7
271,68.5,1015.2,12.7,23.7,17.2
272,76.9,1010.3,11.2,17.2,22.8
273,63.1,1008.5,12.4,22.8,20.1
274,61.8,1004.7,12.0,20.1,17.7
275,77.5,1008.7,10.0,17.7,20.7
276,73.0,1008.4,11.9,20.7,20.0
277,65.8,1012.3,9.5,20.0,18.0
278,67.2,1010.8,14.8,18.0,19.4
279,78.3,1005.8,9.3,19.4,18.2
280,65.2,1009.8,11.6,18.2,19.1
281,81.6,1011.3,9.9,19.1,20.2
282,65.7,1013.9,13.1,20.2,22.0
283,73.8,1011.9,11.3,22.0,15.7
284,71.8,1011.5,10.9,15.7,22.9
285,73.1,1009.4,13.6,22.9,13.8
286,71.7,1010.4,12.0,13.8,17.6
287,71.7,1012.9,12.9,17.6,19.0
288,72.0,1005.1,9.9,19.0,18.2
289,66.3,1008.1,9.1,18.2,16.1
290,78.0,1006.8,12.1,16.1,16.8
291,70.0,1010.2,11.2,16.8,16.1
292,72.2,1012.8,13.1,16.1,15.7
293,67.8,1007.3,11.6,15.7,18.7
294,56.6,1001.9,12.2,18.7,17.5
295,71.6,1007.8,8.5,17.5,15.0
296,88.7,1011.8,15.5,15.0,18.4
297,76.9,1010.6,11.4,18.4,16.9
298,72.9,1010.3,13.1,16.9,17.9
299,70.9,1008.2,10.0,17.9,17.4
300,72.9,1005.2,12.2,17.4,14.0
301,78.1,1010.6,9.0,14.0,14.5
302,67.4,1006.5,12.4,14.5,17.2
303,79.6,1015.6,10.8,17.2,16.8
304,77.4,1010.7,11.5,16.8,15.3
305,78.3,1007.3,12.8,15.3,15.5
306,76.6,1007.2,8.9,15.5,17.9
307,72.6,1008.7,10.0,17.9,13.6
308,79.1,1008.3,12.2,13.6,16.0
309,77.1,1012.4,15.5,16.0,14.3
310,72.5,1009.6,11.0,14.3,14.1
311,71.3,1006.8,12.4,14.1,16.9
312,73.7,1014.7,10.9,16.9,16.2
313,82.8,1009.2,15.0,16.2,16.0
314,66.1,1011.4,7.6,16.0,17.0
315,64.2,1007.3,11.2,17.0,14.1
316,75.7,1010.2,7.7,14.1,15.4
317,74.2,1010.0,5.9,15.4,13.2
318,76.3,1003.5,11.5,13.2,14.4
319,76.0,1015.2,11.1,14.4,13.4
320,73.8,1013.0,10.2,13.4,13.8
321,83.9,1008.0,10.5,13.8,14.8
322,64.7,1005.9,16.9,14.8,11.6
323,71.3,1010.3,10.1,11.6,17.9
324,71.8,1009.5,11.6,17.9,11.0
325,66.7,1010.3,9.2,11.0,10.4
326,75.9,1009.9,11.1,10.4,15.6
327,83.8,1010.8,10.0,15.6,14.7
328,74.5,1013.7,9.6,14.7,14.3
329,76.0,1011.1,14.0,14.3,14.2
330,67.1,1006.3,12.6,14.2,12.7
331,71.9,1013.5,10.5,12.7,10.7
332,74.5,1014.4,5.5,10.7,12.8
333,73.6,1019.0,9.4,12.8,11.1
334,84.2,1006.2,15.4,11.1,14.7
335,77.7,1010.3,9.5,14.7,12.1
336,69.2,1003.4,12.1,12.1,10.6
337,78.3,1011.3,12.7,10.6,11.7
338,79.2,1008.0,10.2,11.7,13.2
339,82.1,1015.5,8.0,13.2,11.0
340,86.1,1007.4,4.8,11.0,10.4
341,70.9,1004.7,11.0,10.4,12.7
342,70.7,1008.4,7.9,12.7,12.7
343,68.0,1004.0,9.8,12.7,11.0
344,75.2,1012.2,6.9,11.0,11.1
345,79.4,1003.8,8.8,11.1,12.6
346,81.6,1010.1,9.4,12.6,8.9
347,77.4,1003.8,9.8,8.9,9.0
348,75.9,1009.1,6.9,9.0,10.5
349,77.8,1015.1,11.5,10.5,11.6
350,71.3,1011.3,7.8,11.6,12.7
351,88.1,1007.7,5.6,12.7,15.3
352,64.4,1010.2,8.7,15.3,13.9
353,76.0,1010.4,8.9,13.9,11.6
354,88.4,1011.8,9.1,11.6,12.0
355,76.1,1006.4,11.4,12.0,9.8
356,76.2,1012.3,8.1,9.8,12.0
357,73.9,1002.5,8.3,12.0,11.4
358,75.3,1008.7,6.3,11.4,12.8
359,83.8,1009.2,10.1,12.8,10.2
360,63.8,1012.6,8.7,10.2,13.2
361,84.5,1010.9,7.4,13.2,15.5
362,65.4,1006.6,4.4,15.5,11.9
363,74.5,1008.0,11.0,11.9,13.0
364,72.8,1011.6,5.6,13.0,13.7
365,78.5,1010.8,6.8,13.7,11.3
1,66.8,1009.3,8.8,11.3,12.8
2,78.3,1009.7,5.7,12.8,12.3
3,87.9,1013.3,5.2,12.3,12.6
4,67.5,1009.7,4.0,12.6,10.7
5,77.9,1011.1,9.8,10.7,12.5
6,71.7,1017.9,7.3,12.5,13.6
7,77.6,1007.2,14.3,13.6,15.7
8,73.9,1006.0,6.6,15.7,14.7
9,70.5,1013.9,6.8,14.7,17.4
10,75.7,1009.6,7.6,17.4,11.0
11,87.4,1010.8,9.2,11.0,14.7
12,73.2,1009.4,7.9,14.7,13.3
13,79.6,1011.1,10.1,13.3,17.7
14,64.8,1016.7,7.0,17.7,11.2
15,70.7,1014.4,6.3,11.2,11.2
16,79.3,1014.6,5.5,11.2,11.8
17,85.0,1007.9,4.7,11.8,8.6
18,80.2,1008.7,8.2,8.6,12.2
19,74.0,1003.7,8.7,12.2,11.7
20,76.2,1009.9,8.1,11.7,13.8
21,67.4,1015.3,11.9,13.8,14.3
22,78.2,1014.0,11.9,14.3,17.8
23,77.8,1011.9,8.9,17.8,15.9
24,71.0,1012.5,6.0,15.9,12.6
25,72.8,1010.6,8.5,12.6,12.0
26,77.6,1013.3,8.5,12.0,15.2
27,71.5,1015.1,8.5,15.2,11.3
28,76.0,1008.0,8.5,11.3,18.3
29,84.8,1013.8,8.6,18.3,17.0
30,71.5,1015.8,9.2,17.0,13.5
31,73.0,1011.8,8.8,13.5,10.9
32,72.8,1015.2,10.5,10.9,17.7
33,77.0,1021.7,10.9,17.7,14.6
34,73.3,1013.0,8.4,14.6,17.7
35,68.7,1014.5,12.8,17.7,11.6
36,84.2,1011.2,8.4,11.6,13.9
37,83.4,1014.0,7.1,13.9,15.4
38,70.4,1014.9,11.2,15.4,15.6
39,62.6,1014.2,8.9,15.6,14.7
40,80.5,1010.6,11.2,14.7,17.1
41,68.8,1014.4,5.8,17.1,13.6
42,79.8,1018.2,13.4,13.6,15.7
43,61.9,1015.2,12.0,15.7,16.5
44,78.7,1016.8,7.7,16.5,17.5
45,65.5,1013.3,7.8,17.5,18.0
46,76.8,1016.3,14.2,18.0,14.1
47,74.8,1015.0,9.4,14.1,13.4
48,69.4,1011.4,9.3,13.4,19.7
49,68.9,1015.2,6.5,19.7,17.8
50,76.6,1011.4,10.3,17.8,15.6
51,74.5,1012.5,10.6,15.6,20.8
52,74.2,1015.0,12.6,20.8,17.8
53,84.4,1015.4,8.4,17.8,20.3
54,61.7,1011.0,8.2,20.3,18.0
55,82.1,1017.8,12.1,18.0,22.5
56,70.3,1016.4,13.3,22.5,22.0
57,64.6,1012.7,8.2,22.0,17.8
58,64.6,1010.2,13.5,17.8,20.6
59,69.7,1014.5,11.5,20.6,20.0
60,76.7,1013.6,13.6,20.0,21.8
61,69.4,1015.4,11.3,21.8,16.8
62,82.2,1014.0,6.5,16.8,20.6
63,62.1,1009.1,11.2,20.6,21.6
64,70.2,1014.0,13.7,21.6,15.6
65,66.3,1014.3,9.8,15.6,17.0
66,75.2,1017.2,10.9,17.0,15.3
67,79.3,1013.3,11.3,15.3,19.4
68,69.1,1020.5,5.9,19.4,21.7
69,54.6,1009.8,15.1,21.7,23.6
70,70.2,1019.5,9.9,23.6,20.6
71,73.4,1014.9,12.8,20.6,24.2
72,71.1,1018.2,11.6,24.2,17.8
73,80.0,1015.9,14.3,17.8,17.2
74,66.4,1019.2,12.6,17.2,21.0
75,74.7,1014.6,11.4,21.0,22.2
76,77.1,1012.6,10.1,22.2,21.4
77,59.7,1020.2,13.5,21.4,17.1
78,74.9,1015.6,8.1,17.1,21.6
79,67.2,1016.7,13.2,21.6,19.1
80,71.2,1019.7,9.7,19.1,23.6
81,71.1,1013.0,14.4,23.6,23.2
82,66.4,1017.9,12.3,23.2,20.4
83,66.9,1014.4,13.2,20.4,21.6
84,70.5,1015.8,12.1,21.6,20.5
85,64.4,1016.5,8.5,20.5,22.9
86,62.9,1011.8,10.3,22.9,25.3
87,72.1,1014.0,13.3,25.3,21.2
88,63.6,1020.4,12.3,21.2,24.7
89,72.4,1019.1,14.4,24.7,22.5
90,72.4,1016.2,12.8,22.5,22.1
91,59.6,1017.2,10.1,22.1,23.8
92,64.8,1015.6,10.4,23.8,21.9
93,77.2,1020.6,12.2,21.9,23.2
94,63.4,1016.0,7.4,23.2,21.9
95,67.3,1017.3,15.3,21.9,29.0
96,68.5,1020.1,12.9,29.0,25.0
97,72.9,1014.3,14.4,25.0,23.5
98,67.6,1021.4,8.8,23.5,25.7
99,64.2,1012.1,14.5,25.7,25.1
100,76.7,1021.6,16.4,25.1,25.1
101,78.6,1015.6,9.3,25.1,27.0
102,72.8,1016.1,13.5,27.0,27.5
103,67.2,1011.1,11.9,27.5,24.8
104,63.4,1015.5,8.8,24.8,24.9
105,63.3,1013.7,12.9,24.9,25.7
106,70.9,1015.0,13.5,25.7,21.4
107,72.9,1016.5,10.7,21.4,23.3
108,77.6,1019.8,14.2,23.3,29.8
109,69.2,1017.5,8.5,29.8,30.6
110,55.8,1017.8,8.8,30.6,26.5
111,73.6,1013.7,12.0,26.5,28.5
112,60.1,1014.3,11.8,28.5,28.1
113,64.1,1022.4,10.3,28.1,34.3
114,64.1,1014.8,13.3,34.3,30.1
115,77.1,1021.9,12.7,30.1,27.5
116,85.3,1016.3,13.4,27.5,25.8
117,71.3,1017.0,11.4,25.8,24.6
118,67.4,1020.2,12.8,24.6,28.7
119,69.2,1020.8,10.7,28.7,26.7
120,72.5,1016.7,15.6,26.7,25.4
121,66.1,1015.8,9.9,25.4,27.2
122,77.7,1016.8,15.7,27.2,26.4
123,68.8,1018.0,11.5,26.4,32.6
124,66.6,1019.7,8.6,32.6,30.9
125,68.6,1017.0,14.1,30.9,29.1
126,68.3,1018.8,11.6,29.1,32.5
127,68.7,1021.9,13.0,32.5,29.5
128,61.8,1018.1,13.7,29.5,27.6
129,63.3,1017.9,11.9,27.6,32.9
130,56.8,1012.4,10.0,32.9,30.9
131,67.3,1009.1,13.1,30.9,27.5
132,71.4,1018.1,11.1,27.5,29.5
133,68.3,1016.6,12.4,29.5,28.1
134,76.4,1015.4,6.7,28.1,27.1
135,66.9,1017.6,11.8,27.1,32.3
136,67.9,1016.7,9.6,32.3,34.5
137,55.9,1020.2,14.1,34.5,27.3
138,64.5,1017.1,12.0,27.3,31.7
139,68.3,1014.6,11.2,31.7,29.2
140,70.8,1019.8,11.6,29.2,29.6
141,63.7,1016.1,8.6,29.6,29.5
142,65.1,1018.3,13.8,29.5,28.9
143,56.7,1015.3,14.5,28.9,31.0
144,62.4,1014.7,11.2,31.0,29.2
145,71.0,1016.9,13.6,29.2,31.7
146,67.7,1016.7,9.2,31.7,31.0
147,67.6,1018.1,8.7,31.0,30.7
148,65.1,1015.8,10.3,30.7,29.3
149,65.7,1011.0,11.1,29.3,30.1
150,61.2,1015.2,9.3,30.1,33.1
151,67.6,1018.9,11.1,33.1,32.6
152,66.2,1015.6,10.6,32.6,29.4
153,68.5,1015.7,7.9,29.4,31.8
154,61.0,1019.3,10.9,31.8,33.3
155,50.3,1014.2,11.6,33.3,28.0
156,73.0,1011.7,10.1,28.0,32.9
157,60.6,1015.8,12.0,32.9,30.3
158,59.9,1014.8,7.2,30.3,33.0
159,67.5,1013.3,10.5,33.0,30.1
160,62.8,1015.6,7.2,30.1,27.9
161,72.8,1017.6,7.2,27.9,28.3
162,69.9,1016.0,8.1,28.3,32.0
163,68.1,1016.9,7.4,32.0,32.5
164,55.5,1021.4,8.2,32.5,30.0
165,72.5,1014.9,8.8,30.0,33.4
166,64.7,1016.7,10.8,33.4,28.3
167,64.0,1014.3,8.4,28.3,31.8
168,65.0,1013.2,5.8,31.8,29.3
169,54.9,1014.0,11.2,29.3,30.6
170,67.3,1014.2,7.2,30.6,32.1
171,57.8,1016.7,8.7,32.1,30.1
172,57.0,1022.6,9.6,30.1,31.1
173,55.4,1013.4,9.1,31.1,34.2
174,69.4,1014.2,10.8,34.2,30.7
175,61.0,1015.2,9.5,30.7,33.8
176,72.1,1016.5,6.7,33.8,29.5
177,62.3,1016.1,12.7,29.5,33.1
178,53.1,1019.1,8.7,33.1,35.1
179,55.5,1007.9,7.9,35.1,26.4
180,74.7,1008.0,10.1,26.4,30.1
181,64.2,1013.6,8.6,30.1,33.1
182,60.1,1018.3,8.8,33.1,31.3
183,65.4,1010.2,13.0,31.3,32.6
184,66.7,1005.9,7.6,32.6,30.4
185,71.7,1016.5,7.5,30.4,31.9
186,72.8,1015.5,8.5,31.9,31.3
187,62.3,1011.4,10.5,31.3,34.2
188,54.7,1011.7,5.4,34.2,32.1
189,61.5,1011.7,4.5,32.1,32.2
190,65.4,1014.8,7.3,32.2,30.5
191,59.1,1012.6,5.3,30.5,30.3
192,59.3,1015.9,7.8,30.3,30.4
193,67.0,1005.8,9.7,30.4,32.1
194,63.6,1011.7,7.0,32.1,30.2
195,65.2,1010.8,6.0,30.2,31.7
196,59.6,1013.4,9.1,31.7,35.6
197,60.5,1012.4,10.7,35.6,32.9
198,57.9,1016.4,5.7,32.9,30.2
199,70.4,1008.3,10.8,30.2,33.4
200,69.3,1014.0,10.8,33.4,29.8
201,54.2,1015.5,11.2,29.8,26.1
202,61.9,1019.3,11.8,26.1,28.3
203,57.2,1012.2,13.8,28.3,26.3
204,63.5,1014.6,8.7,26.3,29.6
205,64.9,1008.1,9.7,29.6,30.3
206,56.3,1006.3,8.7,30.3,33.9
207,57.4,1015.9,9.6,33.9,30.8
208,58.7,1013.3,12.8,30.8,29.5
209,66.8,1016.8,7.1,29.5,31.7
210,64.6,1009.1,8.1,31.7,24.9
211,63.9,1014.7,12.6,24.9,30.2
212,66.2,1018.6,12.0,30.2,31.2
213,61.2,1014.2,9.3,31.2,26.2
214,65.9,1013.7,11.8,26.2,31.8
215,74.2,1012.9,10.8,31.8,29.9
216,73.3,1008.0,13.2,29.9,28.1
217,58.5,1016.8,10.4,28.1,30.3
218,70.0,1010.8,12.3,30.3,33.8
219,67.8,1014.1,15.6,33.8,29.1
220,58.9,1007.8,11.6,29.1,29.1
221,70.7,1008.9,10.6,29.1,27.4
222,76.0,1016.7,12.0,27.4,26.4
223,60.6,1011.2,9.8,26.4,30.0
224,59.7,1016.6,15.4,30.0,26.1
225,73.6,1011.9,11.0,26.1,28.0
226,68.0,1006.6,10.2,28.0,26.7
227,70.5,1014.7,9.1,26.7,28.6
228,68.1,1010.2,13.0,28.6,28.2
229,68.6,1014.0,12.6,28.2,29.6
230,57.5,1011.9,9.9,29.6,26.0
231,73.9,1007.1,12.1,26.0,26.4
232,74.4,1012.2,8.0,26.4,24.7
233,67.0,1018.2,11.4,24.7,25.7
234,67.5,1013.0,12.0,25.7,27.4
235,57.6,1011.3,14.6,27.4,28.1
236,69.4,1014.7,9.6,28.1,24.2
237,72.1,1012.0,8.7,24.2,28.0
238,66.0,1011.9,9.5,28.0,28.9
239,72.6,1008.0,8.6,28.9,26.7
240,65.2,1011.9,14.0,26.7,29.7
241,68.7,1014.2,14.5,29.7,23.8
242,62.8,1008.5,12.1,23.8,22.6
243,69.5,1015.3,13.9,22.6,21.2
244,69.4,1010.7,11.8,21.2,28.3
245,67.6,1008.2,11.3,28.3,26.2
246,65.2,1013.8,10.9,26.2,24.5
247,67.7,1009.9,11.0,24.5,25.1
248,73.1,1013.0,8.5,25.1,21.8
249,67.5,1009.8,12.2,21.8,29.5
250,55.9,1010.4,11.6,29.5,24.3
251,79.1,1012.0,13.2,24.3,24.0
252,77.1,1011.4,11.9,24.0,25.2
253,60.3,1004.4,11.4,25.2,24.5
254,72.6,1007.0,10.0,24.5,23.8
255,65.9,1013.1,11.9,23.8,21.4
256,72.0,1009.9,13.3,21.4,24.0
257,70.6,1008.7,9.5,24.0,26.9
258,65.6,1006.1,12.0,26.9,25.6
259,63.2,1006.9,12.3,25.6,25.9
260,63.5,1004.0,10.5,25.9,21.1
261,65.0,1009.7,10.7,21.1,19.9
262,66.3,1008.2,12.4,19.9,21.6
263,69.8,1007.0,9.7,21.6,21.9
264,65.8,1009.7,12.6,21.9,24.0
265,72.9,1010.9,10.2,24.0,17.7
266,81.5,1016.1,14.1,17.7,24.6
267,65.0,1005.2,16.6,24.6,20.7
268,72.2,1013.2,10.3,20.7,19.9
269,74.2,1012.6,13.1,19.9,18.5
270,74.9,1007.3,10.5,18.5,16.9
271,73.5,1010.2,14.1,16.9,22.2
272,74.3,1008.2,9.5,22.2,20.4
273,73.9,1010.1,13.0,20.4,17.2
274,65.5,1014.0,10.3,17.2,17.0
275,78.2,1011.3,11.6,17.0,19.0
276,77.1,1011.0,9.9,19.0,23.2
277,64.7,1008.1,13.6,23.2,18.8
278,72.2,1004.9,10.3,18.8,15.9
279,77.8,1008.7,13.1,15.9,18.5
280,70.8,1012.9,11.3,18.5,18.3
281,78.7,1004.7,11.7,18.3,12.8
282,89.7,1006.1,12.3,12.8,18.4
283,67.4,1009.6,10.4,18.4,17.9
284,64.2,1006.3,12.4,17.9,19.8
285,73.2,1006.8,15.0,19.8,22.1
286,74.3,1007.9,10.4,22.1,20.4
287,69.6,1005.1,14.2,20.4,17.2
288,81.6,1006.2,14.9,17.2,15.2
289,66.1,1011.2,10.2,15.2,23.1
290,73.5,1005.2,8.9,23.1,17.4
291,69.1,1004.3,12.4,17.4,17.2
292,83.2,1007.2,10.7,17.2,16.9
293,85.0,1011.3,15.5,16.9,17.3
294,68.2,1008.5,11.8,17.3,16.4
295,70.1,1007.7,10.1,16.4,15.3
296,79.2,1009.2,9.4,15.3,15.2
297,71.8,1003.8,13.9,15.2,16.2
298,73.2,1010.5,10.5,16.2,14.9
299,74.4,1010.2,11.7,14.9,14.4
300,63.0,1007.8,13.5,14.4,16.1
301,73.5,1012.0,10.6,16.1,15.2
302,70.0,1005.6,11.4,15.2,18.9
303,68.9,1012.4,11.5,18.9,9.6
304,86.1,1009.5,12.8,9.6,17.7
305,65.0,1008.0,12.6,17.7,17.9
306,77.3,1008.9,11.0,17.9,10.5
307,75.2,1008.7,11.5,10.5,14.2
308,73.0,1012.7,10.6,14.2,14.0
309,79.5,1005.8,8.3,14.0,11.6
310,78.3,1006.7,11.8,11.6,12.9
311,78.9,1012.1,15.0,12.9,12.0
312,81.8,1007.3,9.4,12.0,18.2
313,70.3,1011.8,9.6,18.2,16.3
314,69.7,1014.2,9.3,16.3,16.9
315,66.5,1007.9,12.5,16.9,15.6
316,68.9,1011.1,11.9,15.6,11.5
317,94.0,1005.6,10.6,11.5,12.7
318,83.1,1011.4,9.1,12.7,14.8
319,66.2,1009.7,11.0,14.8,11.0
320,68.7,1010.6,7.7,11.0,15.1
321,77.0,1007.2,11.0,15.1,12.9
322,78.7,1004.2,12.4,12.9,12.5
323,79.0,1010.7,8.1,12.5,14.8
324,72.8,1003.1,7.5,14.8,14.2
325,73.9,1008.3,13.7,14.2,12.3
326,77.8,1012.1,9.3,12.3,15.6
327,74.4,1009.9,12.7,15.6,10.6
328,63.5,1015.2,10.1,10.6,14.2
329,73.3,1012.4,10.0,14.2,14.1
330,69.6,1007.4,11.1,14.1,12.1
331,77.0,1009.5,8.4,12.1,13.4
332,93.1,1009.3,10.4,13.4,9.9
333,79.5,1004.7,9.3,9.9,14.6
334,72.6,1006.7,7.4,14.6,12.1
335,81.5,1007.9,10.7,12.1,11.3
336,79.3,1003.5,9.4,11.3,14.7
337,76.9,1009.8,9.5,14.7,10.8
338,80.4,1008.9,7.4,10.8,9.2
339,90.0,1004.7,12.9,9.2,8.9
340,71.1,1011.0,11.4,8.9,13.6
341,77.9,1011.9,11.5,13.6,9.4
342,72.0,1010.5,8.9,9.4,16.0
343,76.9,1008.9,6.0,16.0,7.6
344,73.2,1011.7,13.3,7.6,15.8
345,71.2,1012.0,9.2,15.8,12.6
346,73.9,1010.9,7.8,12.6,11.9
347,81.9,1007.6,10.1,11.9,10.9
348,82.2,1010.9,11.5,10.9,12.9
349,68.0,1013.7,9.0,12.9,11.9
350,76.4,1008.4,11.6,11.9,14.4
351,70.3,1016.5,11.1,14.4,12.3
352,68.3,1008.7,6.7,12.3,12.3
353,74.5,1010.5,7.5,12.3,11.2
354,74.6,1008.4,10.7,11.2,11.9
355,90.6,1011.1,3.3,11.9,12.7
356,78.2,1005.3,8.3,12.7,8.3
357,70.0,1008.9,5.7,8.3,9.1
358,74.4,1007.3,7.5,9.1,13.7
359,81.1,1011.1,7.8,13.7,12.4
360,88.3,1013.7,7.6,12.4,11.7
361,66.7,1012.7,7.2,11.7,12.1
362,64.6,1003.7,6.0,12.1,12.9
363,86.7,1017.0,12.7,12.9,11.0
364,79.0,1011.9,11.8,11.0,10.5
365,71.7,1008.7,5.7,10.5,12.7
1,78.8,1011.6,11.2,12.7,10.1
2,61.3,1011.7,7.3,10.1,13.2
3,75.3,1009.2,8.5,13.2,8.6
4,80.0,1011.9,8.1,8.6,14.7
5,80.0,1009.5,7.0,14.7,13.5
6,69.0,1010.2,10.4,13.5,13.1
7,75.9,1009.4,8.7,13.1,14.7
8,68.8,1007.2,7.6,14.7,16.3
9,75.0,1012.0,6.0,16.3,14.9
10,68.9,1013.4,6.9,14.9,8.7
11,75.5,1013.3,5.5,8.7,10.0
12,71.2,1014.2,8.8,10.0,11.5
13,80.2,1012.8,6.5,11.5,13.0
14,80.6,1010.3,8.4,13.0,14.1
15,73.3,1014.5,11.8,14.1,11.5
16,76.5,1008.0,11.5,11.5,13.6
17,66.4,1009.4,9.1,13.6,11.6
18,74.5,1009.3,9.0,11.6,12.0
19,75.7,1015.5,13.0,12.0,10.3
20,92.7,1015.1,10.4,10.3,11.5
21,69.6,1013.8,8.8,11.5,10.6
22,85.6,1015.7,6.6,10.6,11.5
23,82.3,1009.9,10.3,11.5,16.1
24,75.2,1013.6,11.3,16.1,11.8
25,86.7,1012.3,8.4,11.8,19.8
26,73.6,1015.3,10.3,19.8,15.2
27,76.4,1012.4,9.1,15.2,14.6
28,74.1,1011.7,9.5,14.6,12.4
29,83.1,1014.6,4.9,12.4,16.0
30,80.2,1015.6,9.5,16.0,13.3
31,71.5,1011.1,12.0,13.3,14.9
32,66.3,1013.0,8.8,14.9,20.4
33,69.7,1010.0,10.3,20.4,14.7
34,69.6,1005.8,8.7,14.7,17.5
35,72.3,1013.9,11.0,17.5,13.6
36,82.5,1015.2,9.9,13.6,15.2
37,71.3,1014.3,8.5,15.2,19.3
38,71.4,1007.7,13.1,19.3,14.1
39,75.1,1012.6,12.3,14.1,19.6
40,76.5,1007.0,9.3,19.6,17.3
41,59.3,1017.9,11.6,17.3,14.7
42,70.8,1010.6,11.7,14.7,17.4
43,74.0,1017.7,12.0,17.4,18.3
44,79.4,1016.8,7.4,18.3,17.7
45,69.6,1011.3,12.8,17.7,13.0
46,64.1,1010.7,9.7,13.0,15.0
47,77.9,1015.2,10.2,15.0,16.2
48,69.7,1011.7,16.2,16.2,16.7
49,66.0,1014.6,11.6,16.7,18.4
50,68.4,1012.9,10.3,18.4,17.6
51,71.5,1009.1,6.7,17.6,14.4
52,70.9,1007.8,13.9,14.4,18.4
53,59.0,1015.2,8.5,18.4,19.0
54,77.2,1012.9,9.2,19.0,19.1
55,79.4,1013.0,10.6,19.1,20.4
56,74.9,1016.8,14.1,20.4,20.0
57,64.4,1018.3,12.9,20.0,19.3
58,70.4,1014.0,11.0,19.3,18.3
59,72.2,1013.9,12.0,18.3,15.0
60,77.8,1016.5,10.2,15.0,19.7
61,75.4,1011.0,11.7,19.7,19.4
62,67.2,1015.8,11.7,19.4,19.7
63,71.9,1016.8,13.5,19.7,16.5
64,76.1,1017.3,13.5,16.5,17.1
65,81.7,1009.5,12.6,17.1,21.9
66,74.3,1013.0,10.9,21.9,19.7
67,76.1,1012.7,13.1,19.7,21.4
68,70.8,1015.7,11.5,21.4,20.2
69,79.6,1016.9,9.5,20.2,20.4
70,73.4,1020.0,10.9,20.4,22.5
71,64.5,1014.1,11.9,22.5,19.5
72,79.9,1014.2,13.6,19.5,21.0
73,74.8,1019.1,11.4,21.0,20.0
74,68.6,1016.6,9.4,20.0,20.2
75,68.2,1019.6,12.0,20.2,20.6
76,72.6,1016.7,12.1,20.6,22.0
77,72.8,1012.4,12.3,22.0,20.6
78,72.0,1011.9,13.7,20.6,24.6
79,70.3,1011.3,13.9,24.6,20.0
80,81.4,1018.0,10.7,20.0,21.8
81,76.6,1019.6,10.7,21.8,21.4
82,71.5,1021.7,9.9,21.4,25.7
83,73.4,1018.7,13.4,25.7,23.1
84,63.1,1019.7,14.9,23.1,25.1
85,70.5,1014.5,11.3,25.1,19.8
86,82.2,1012.8,11.5,19.8,23.8
87,67.6,1018.9,14.9,23.8,25.3
88,62.9,1017.6,13.0,25.3,23.7
89,65.1,1016.7,12.9,23.7,26.1
90,61.0,1017.6,9.6,26.1,22.7
91,64.8,1017.4,13.4,22.7,27.2
92,64.7,1020.4,10.1,27.2,29.3
93,57.2,1020.4,9.7,29.3,23.6
94,69.1,1018.2,11.3,23.6,23.6
95,74.5,1019.1,10.8,23.6,27.9
96,61.0,1018.2,11.5,27.9,28.4
97,75.3,1015.3,9.1,28.4,23.9
98,71.9,1019.0,13.9,23.9,24.3
99,74.8,1012.5,14.2,24.3,24.8
100,64.4,1019.9,8.1,24.8,22.6
101,74.8,1013.2,13.9,22.6,23.7
102,62.4,1017.6,10.3,23.7,23.6
103,74.4,1014.3,13.6,23.6,24.3
104,69.6,1018.5,11.8,24.3,26.1
105,70.9,1016.7,11.9,26.1,26.8
106,60.0,1012.1,11.5,26.8,29.9
107,59.9,1018.1,14.3,29.9,24.4
108,72.1,1015.2,9.4,24.4,29.0
109,60.1,1019.6,13.0,29.0,26.5
110,70.1,1016.9,14.0,26.5,27.0
111,58.8,1018.1,13.2,27.0,28.7
112,71.1,1014.1,16.4,28.7,24.9
113,60.9,1015.2,10.7,24.9,28.4
114,69.5,1015.6,13.6,28.4,28.0
115,70.1,1019.5,11.5,28.0,28.9
116,61.7,1022.0,14.1,28.9,28.6
117,69.5,1014.6,11.6,28.6,33.5
118,64.7,1020.2,10.8,33.5,26.8
119,63.9,1010.5,14.2,26.8,27.2
120,60.8,1013.4,10.5,27.2,27.1
121,55.2,1014.1,8.7,27.1,27.4
122,68.9,1012.9,10.4,27.4,27.3
123,57.4,1012.2,12.7,27.3,31.5
124,64.9,1018.2,14.2,31.5,32.1
125,62.3,1016.3,11.6,32.1,27.9
126,70.6,1018.1,13.9,27.9,27.4
127,64.9,1019.1,8.5,27.4,30.4
128,63.0,1017.8,10.3,30.4,28.3
129,70.6,1018.9,10.6,28.3,31.0
130,66.6,1016.7,10.9,31.0,30.1
131,67.0,1013.4,11.3,30.1,26.5
132,70.1,1020.1,12.4,26.5,33.3
133,54.0,1015.2,10.1,33.3,34.0
134,67.4,1014.1,11.2,34.0,28.8
135,69.6,1016.4,10.8,28.8,29.4
136,59.5,1014.1,9.0,29.4,30.9
137,63.2,1015.6,10.6,30.9,31.1
138,64.3,1017.9,10.5,31.1,31.9
139,63.2,1017.9,10.4,31.9,35.0
140,64.2,1014.1,10.7,35.0,30.3
141,73.6,1015.3,10.8,30.3,29.0
142,72.3,1020.0,9.7,29.0,27.8
143,58.6,1018.2,13.1,27.8,29.3
144,69.3,1022.9,8.1,29.3,30.9
145,72.6,1020.2,9.0,30.9,35.0
146,64.5,1020.1,15.9,35.0,30.0
147,71.7,1012.4,8.2,30.0,31.7
148,76.3,1018.9,7.5,31.7,31.2
149,70.6,1016.4,11.6,31.2,34.0
150,64.3,1014.9,6.0,34.0,37.0
151,67.3,1017.0,9.6,37.0,30.3
152,65.9,1019.3,14.3,30.3,30.4
153,65.1,1017.9,6.9,30.4,33.9
154,60.8,1013.7,5.9,33.9,33.1
155,72.7,1018.6,6.8,33.1,35.7
156,56.9,1014.4,11.6,35.7,33.0
157,72.6,1016.9,11.9,33.0,31.0
158,67.6,1015.3,8.6,31.0,33.1
159,55.0,1015.5,10.9,33.1,34.3
160,64.9,1018.4,12.3,34.3,33.6
161,50.4,1013.0,13.0,33.6,33.0
162,67.2,1021.9,8.9,33.0,34.2
163,68.0,1010.5,4.7,34.2,34.5
164,58.9,1014.2,7.6,34.5,35.0
165,63.0,1017.0,8.3,35.0,33.4
166,74.9,1017.6,8.6,33.4,31.6
167,61.2,1015.5,8.7,31.6,32.3
168,57.5,1015.6,11.2,32.3,34.6
169,71.3,1017.0,11.5,34.6,30.2
170,76.9,1015.0,8.5,30.2,32.8
171,63.5,1019.8,11.0,32.8,31.1
172,70.6,1018.1,9.4,31.1,32.1
173,72.0,1018.1,8.8,32.1,34.8
174,57.9,1012.6,10.4,34.8,32.4
175,60.8,1015.2,8.7,32.4,32.1
176,71.3,1014.4,12.6,32.1,29.0
177,75.9,1012.3,5.5,29.0,33.6
178,66.4,1016.3,7.3,33.6,33.3
179,57.9,1013.6,8.0,33.3,36.6
180,73.1,1017.1,9.1,36.6,31.2
181,61.3,1011.9,10.6,31.2,32.3
182,61.8,1020.2,8.0,32.3,32.3
183,65.8,1012.3,5.2,32.3,35.2
184,71.4,1015.5,9.8,35.2,31.5
185,69.4,1017.2,9.7,31.5,32.3
186,66.3,1013.1,4.4,32.3,33.0
187,66.2,1017.3,8.3,33.0,32.0
188,64.3,1010.9,5.2,32.0,30.6
189,68.2,1018.9,7.1,30.6,31.9
190,48.9,1014.6,6.7,31.9,33.8
191,61.1,1012.7,10.2,33.8,29.1
192,67.2,1013.5,8.9,29.1,31.6
193,57.3,1016.7,6.1,31.6,29.7
194,67.7,1012.5,10.5,29.7,33.8
195,61.7,1011.9,6.0,33.8,27.8
196,77.1,1013.5,9.6,27.8,29.8
197,74.8,1010.5,7.4,29.8,31.8
198,61.3,1019.4,8.3,31.8,34.3
199,61.7,1012.2,10.1,34.3,30.7
200,64.4,1016.3,10.2,30.7,29.5
201,62.8,1014.4,11.9,29.5,34.8
202,63.5,1010.8,9.2,34.8,27.4
203,62.2,1013.6,10.0,27.4,25.6
204,61.0,1015.9,8.6,25.6,31.3
205,68.1,1013.0,9.9,31.3,29.2
206,69.5,1017.0,10.5,29.2,27.9
207,61.6,1016.4,9.4,27.9,31.6
208,69.6,1016.1,6.1,31.6,30.5
209,61.1,1011.9,10.4,30.5,28.6
210,67.5,1009.9,10.6,28.6,26.9
211,72.0,1011.3,8.5,26.9,31.6
212,64.1,1013.6,7.4,31.6,31.0
213,67.4,1014.6,13.0,31.0,29.2
214,62.6,1006.4,11.0,29.2,33.4
215,62.0,1012.8,9.7,33.4,26.8
216,65.9,1013.2,7.9,26.8,25.7
217,63.3,1011.9,8.6,25.7,27.4
218,65.7,1016.5,12.9,27.4,28.7
219,56.7,1013.8,10.6,28.7,29.2
220,62.7,1016.4,9.3,29.2,28.0
221,64.7,1011.8,11.5,28.0,29.2
222,64.1,1015.2,8.9,29.2,25.5
223,66.4,1017.2,13.6,25.5,31.3
224,64.0,1016.1,13.3,31.3,27.8
225,69.4,1008.9,9.7,27.8,30.3
226,70.2,1011.3,9.5,30.3,28.5
227,62.2,1011.0,5.5,28.5,28.6
228,58.8,1013.4,7.9,28.6,28.7
229,59.7,1013.9,8.2,28.7,28.3
230,63.3,1009.3,11.2,28.3,28.6
231,63.9,1012.0,10.3,28.6,29.9
232,60.6,1005.6,8.3,29.9,27.3
233,59.0,1015.9,10.5,27.3,28.3
234,63.5,1010.0,12.1,28.3,26.4
235,68.5,1011.7,12.2,26.4,29.6
236,69.0,1010.5,7.4,29.6,24.8
237,65.0,1014.8,11.0,24.8,30.1
238,62.7,1002.8,8.5,30.1,25.8
239,62.1,1011.2,13.1,25.8,22.6
240,69.4,1010.9,12.9,22.6,25.9
241,62.6,1009.8,9.6,25.9,24.0
242,72.3,1016.2,9.9,24.0,27.1
243,56.2,1008.3,10.5,27.1,23.7
244,66.8,1013.3,7.0,23.7,24.0
245,70.6,1011.9,12.2,24.0,20.6
246,71.9,1014.6,11.0,20.6,23.6
247,85.2,1008.8,13.5,23.6,19.1
248,73.8,1008.5,9.4,19.1,20.8
249,64.7,1013.9,10.4,20.8,25.8
250,67.1,1011.9,8.7,25.8,25.7
251,57.1,1005.9,9.7,25.7,24.7
252,67.9,1008.9,9.4,24.7,21.5
253,65.3,1011.6,13.7,21.5,23.4
254,74.7,1012.9,10.4,23.4,23.3
255,65.9,1008.3,12.0,23.3,20.6
256,70.2,1001.5,11.1,20.6,26.3
257,63.6,1011.8,9.3,26.3,24.7
258,78.8,1006.5,11.5,24.7,22.1
259,68.0,1004.1,13.1,22.1,22.5
260,80.7,1001.6,9.5,22.5,22.7
261,74.5,1012.5,13.5,22.7,17.6
262,75.5,1010.4,10.2,17.6,21.4
263,72.6,1009.3,11.0,21.4,20.2
264,73.4,1014.1,13.0,20.2,19.4
265,60.0,1011.8,10.6,19.4,20.8
266,69.1,1014.7,12.0,20.8,25.2
267,73.2,1005.6,11.3,25.2,22.5
268,69.4,1009.6,12.2,22.5,19.6
269,63.0,1004.8,7.2,19.6,22.0
270,69.7,1009.0,8.3,22.0,23.6
271,79.3,1008.9,13.2,23.6,22.4
272,77.2,1011.5,14.1,22.4,20.3
273,70.6,1009.7,10.2,20.3,18.6
274,77.7,1011.4,11.5,18.6,21.4
275,68.2,1011.6,12.6,21.4,20.6
276,60.6,1015.9,13.4,20.6,21.5
277,64.8,1008.5,7.9,21.5,20.8
278,80.1,1006.6,10.2,20.8,21.5
279,68.7,1010.1,11.3,21.5,17.9
280,71.0,1006.9,13.4,17.9,21.8
281,68.3,1013.7,17.0,21.8,19.1
282,83.1,1008.4,11.5,19.1,23.1
283,79.1,1007.6,9.1,23.1,16.9
284,86.4,1007.8,12.7,16.9,22.0
285,69.0,1011.4,14.6,22.0,18.5
286,73.9,1008.7,12.1,18.5,16.5
287,64.2,1007.2,10.1,16.5,16.7
288,82.1,1014.1,13.8,16.7,16.9
289,66.1,1006.6,13.2,16.9,18.4
290,73.5,1009.2,9.8,18.4,18.4
291,65.6,1011.1,12.6,18.4,15.9
292,70.1,1004.2,13.8,15.9,16.9
293,68.0,1010.5,14.1,16.9,21.6
294,66.6,1005.9,11.6,21.6,20.5
295,67.7,1011.5,11.0,20.5,17.5
296,69.4,1006.1,14.2,17.5,16.5
297,78.3,1011.1,9.3,16.5,16.5
298,66.7,1012.3,12.5,16.5,17.5
299,74.0,1011.6,8.9,17.5,13.7
300,82.3,1009.8,13.7,13.7,15.3
301,71.0,1008.3,11.1,15.3,12.0
302,71.7,1007.3,14.1,12.0,16.5
303,71.9,1013.4,12.5,16.5,16.9
304,80.2,1006.9,9.0,16.9,14.3
305,75.8,1005.9,14.3,14.3,18.7
306,68.8,1011.0,14.5,18.7,12.4
307,78.7,1006.6,13.1,12.4,11.7
308,69.6,1006.2,9.8,11.7,15.3
309,78.1,1004.7,10.7,15.3,17.0
310,75.4,1007.6,11.5,17.0,18.3
311,70.4,1008.8,9.8,18.3,13.5
312,70.1,1009.8,14.5,13.5,16.7
313,67.8,1011.9,11.4,16.7,14.2
314,77.9,1010.6,5.7,14.2,13.8
315,82.3,1008.5,11.7,13.8,16.0
316,69.8,1008.5,10.3,16.0,15.4
317,76.7,1010.6,10.8,15.4,10.4
318,64.5,1012.9,10.2,10.4,17.0
319,69.5,1009.5,12.5,17.0,16.7
320,73.0,1007.7,13.0,16.7,12.2
321,70.4,1006.2,11.3,12.2,14.3
322,69.0,1004.9,10.0,14.3,14.5
323,70.5,1011.2,10.6,14.5,13.9
324,76.6,1011.0,10.6,13.9,12.0
325,74.9,1011.0,8.9,12.0,11.6
326,62.8,1008.9,11.6,11.6,13.0
327,62.7,1013.5,11.4,13.0,15.5
328,70.2,1007.9,13.5,15.5,14.1
329,77.5,1012.2,12.8,14.1,12.0
330,59.5,1009.3,8.9,12.0,14.5
331,71.5,1007.6,11.9,14.5,6.4
332,76.2,1011.2,8.3,6.4,15.2
333,82.4,1010.7,11.5,15.2,8.7
334,75.6,1010.6,9.0,8.7,11.7
335,78.5,1009.8,7.9,11.7,10.0
336,78.0,1009.5,10.5,10.0,9.6
337,64.7,1016.8,4.5,9.6,14.9
338,78.9,1013.2,6.3,14.9,11.3
339,77.7,1011.9,9.4,11.3,13.0
340,78.4,1010.1,9.8,13.0,12.1
341,95.0,1012.8,8.9,12.1,13.3
342,62.7,1011.4,6.4,13.3,12.3
343,86.1,1010.0,7.8,12.3,9.3
344,75.9,1009.0,10.2,9.3,14.3
345,76.3,1009.7,10.5,14.3,11.0
346,76.3,1000.5,9.3,11.0,8.6
347,75.5,1010.7,11.5,8.6,11.1
348,73.1,1008.6,9.9,11.1,15.3
349,76.0,1014.9,7.6,15.3,13.9
350,65.8,1010.3,8.5,13.9,11.2
351,81.0,1006.7,6.1,11.2,11.2
352,74.0,1010.2,8.7,11.2,11.3
353,69.6,1007.2,11.0,11.3,16.6
354,70.6,1011.8,10.1,16.6,12.8
355,83.0,1011.3,11.5,12.8,13.0
356,72.2,1013.4,8.0,13.0,14.3
357,76.8,1008.2,11.2,14.3,12.6
358,71.3,1010.7,8.1,12.6,11.5
359,80.9,1006.6,11.4,11.5,11.6
360,80.3,1012.8,8.3,11.6,11.9
361,87.1,1012.3,9.7,11.9,12.0
362,74.9,1012.3,11.2,12.0,13.7
363,79.0,1010.9,7.8,13.7,12.3
364,76.4,1012.2,8.5,12.3,13.8
365,82.7,1015.8,10.6,13.8,12.0
1,71.7,1010.2,7.8,12.0,12.4
2,80.2,1011.6,5.5,12.4,7.9
3,77.3,1007.9,12.5,7.9,14.4
4,74.2,1008.7,7.3,14.4,13.2
5,75.9,1011.6,8.7,13.2,14.6
6,75.9,1014.7,10.7,14.6,6.1
7,78.8,1010.7,7.3,6.1,17.1
8,74.2,1010.8,6.5,17.1,12.3
9,85.3,1010.4,9.1,12.3,15.1
10,80.1,1010.0,5.1,15.1,10.4
11,82.2,1012.6,8.2,10.4,14.1
12,72.0,1007.3,9.3,14.1,10.5
13,71.5,1015.7,8.3,10.5,11.6
14,82.0,1009.9,5.9,11.6,17.2
15,78.1,1014.1,12.2,17.2,12.7
16,84.4,1008.2,9.3,12.7,13.6
17,71.4,1014.1,12.0,13.6,15.2
18,72.7,1014.2,8.7,15.2,14.4
19,64.7,1013.4,7.5,14.4,13.7
20,72.6,1009.3,9.9,13.7,14.3
21,80.6,1013.1,9.0,14.3,18.9
22,69.1,1008.9,7.1,18.9,13.6
23,78.9,1011.8,12.5,13.6,14.2
24,73.5,1015.7,8.4,14.2,16.2
25,75.4,1015.0,6.0,16.2,16.4
26,66.5,1012.8,12.4,16.4,16.7
27,73.7,1009.9,8.8,16.7,15.6
28,55.9,1014.8,8.6,15.6,11.8
29,75.0,1013.0,6.4,11.8,18.0
30,62.6,1006.0,13.5,18.0,12.0
31,83.2,1015.4,7.5,12.0,15.3
32,78.7,1013.1,10.2,15.3,13.1
33,78.1,1016.8,12.0,13.1,14.7
34,83.5,1010.0,11.1,14.7,15.7
35,68.1,1003.8,10.1,15.7,15.8
36,84.2,1014.2,6.9,15.8,16.2
37,79.1,1014.4,8.8,16.2,18.9
38,70.4,1008.5,10.8,18.9,16.5
39,80.1,1010.7,8.9,16.5,15.1
40,67.5,1022.0,10.9,15.1,17.9
41,67.5,1012.8,12.0,17.9,18.5
42,68.4,1016.0,12.6,18.5,13.4
43,72.0,1011.9,8.2,13.4,17.5
44,66.4,1007.7,15.1,17.5,17.9
45,79.8,1013.5,12.3,17.9,15.8
46,72.2,1013.3,10.8,15.8,19.6
47,73.5,1013.0,13.1,19.6,16.4
48,69.9,1013.9,15.7,16.4,17.2
49,62.0,1015.1,8.1,17.2,16.7
50,74.8,1013.9,10.6,16.7,17.2
51,61.4,1010.6,6.3,17.2,15.0
52,73.8,1015.9,11.5,15.0,14.3
53,66.4,1008.7,11.9,14.3,21.2
54,82.4,1008.5,11.1,21.2,16.0
55,79.1,1016.9,9.9,16.0,15.8
56,74.4,1016.3,7.2,15.8,13.4
57,82.7,1014.6,12.1,13.4,16.9
58,68.0,1010.7,14.3,16.9,15.6
59,77.1,1012.8,10.2,15.6,22.2
60,71.1,1014.2,12.3,22.2,21.0
61,72.2,1010.2,8.3,21.0,17.4
62,80.4,1012.9,12.4,17.4,24.1
63,73.2,1017.1,10.7,24.1,21.4
64,72.1,1019.5,10.0,21.4,18.7
65,62.0,1014.0,10.1,18.7,14.1
66,69.0,1017.6,10.8,14.1,24.8
67,67.6,1009.6,12.4,24.8,16.9
68,73.6,1017.4,9.1,16.9,16.5
69,66.5,1013.1,10.9,16.5,22.5
70,84.1,1016.5,11.7,22.5,25.8
71,76.8,1014.9,9.6,25.8,23.7
72,72.6,1019.6,15.4,23.7,22.0
73,70.4,1013.1,10.1,22.0,22.3
74,68.6,1017.6,10.5,22.3,23.0
75,63.7,1015.0,9.9,23.0,23.0
76,69.9,1015.4,15.5,23.0,22.1
77,71.5,1015.3,13.0,22.1,21.9
78,62.6,1013.4,10.0,21.9,21.7
79,72.2,1015.9,14.1,21.7,20.3
80,70.1,1015.8,12.3,20.3,21.6
81,58.8,1016.8,12.5,21.6,18.6
82,66.9,1016.4,11.3,18.6,22.3
83,67.3,1018.6,10.5,22.3,20.5
84,82.2,1019.0,12.6,20.5,20.4
85,74.3,1013.1,10.9,20.4,23.4
86,61.1,1018.9,15.6,23.4,26.3
87,70.4,1012.8,9.5,26.3,25.4
88,58.7,1018.1,15.1,25.4,20.1
89,77.6,1018.3,11.8,20.1,21.5
90,67.5,1010.7,12.6,21.5,26.0
91,67.1,1016.7,13.7,26.0,21.9
92,78.0,1015.1,10.7,21.9,23.7
93,61.2,1014.3,13.7,23.7,25.6
94,59.5,1020.6,6.6,25.6,22.4
95,66.2,1014.6,10.6,22.4,25.0
96,74.5,1014.2,10.1,25.0,21.9
97,60.9,1016.9,9.5,21.9,23.7
98,52.0,1018.7,11.5,23.7,25.9
99,64.9,1016.3,12.7,25.9,21.9
100,73.4,1020.2,13.4,21.9,26.5
101,74.5,1018.4,12.4,26.5,25.7
102,65.0,1010.2,10.6,25.7,27.1
103,64.5,1015.2,12.7,27.1,26.5
104,74.2,1015.1,12.2,26.5,29.2
105,54.5,1018.3,13.8,29.2,26.6
106,64.9,1009.0,13.4,26.6,25.5
107,69.0,1024.5,11.9,25.5,26.9
108,69.8,1018.5,10.0,26.9,28.0
109,63.4,1017.4,10.5,28.0,27.0
110,67.2,1020.5,10.7,27.0,27.2
111,52.0,1024.0,11.1,27.2,25.7
112,63.8,1019.6,12.3,25.7,25.9
113,70.4,1019.8,13.2,25.9,24.4
114,62.6,1017.4,11.6,24.4,31.5
115,64.6,1016.6,11.7,31.5,25.1
116,70.8,1015.6,11.9,25.1,26.4
117,65.3,1014.5,10.6,26.4,26.5
118,68.3,1014.9,9.7,26.5,30.2
119,59.3,1012.9,8.0,30.2,27.7
120,65.3,1016.8,10.1,27.7,31.2
121,68.1,1011.9,12.4,31.2,27.1
122,67.9,1017.6,10.0,27.1,29.4
123,62.1,1016.9,10.9,29.4,27.0
124,68.3,1017.4,12.3,27.0,33.7
125,67.3,1015.4,12.4,33.7,26.5
126,55.0,1026.2,9.1,26.5,29.9
127,72.2,1021.1,13.3,29.9,30.7
128,62.7,1013.2,13.5,30.7,30.4
129,67.5,1017.7,8.9,30.4,29.2
130,72.9,1015.1,9.5,29.2,29.4
131,57.3,1013.9,13.5,29.4,29.9
132,61.0,1012.9,10.8,29.9,29.6
133,63.7,1018.2,6.6,29.6,32.1
134,59.2,1014.9,8.2,32.1,35.0
135,72.6,1019.8,10.4,35.0,29.0
136,60.7,1019.9,8.5,29.0,27.3
137,63.5,1021.0,10.0,27.3,30.2
138,66.3,1014.3,10.8,30.2,36.2
139,54.3,1018.2,13.6,36.2,28.8
140,63.5,1018.7,10.1,28.8,34.3
141,64.5,1015.3,12.8,34.3,34.4
142,60.5,1014.4,13.4,34.4,29.6
143,64.9,1021.6,13.4,29.6,32.2
144,60.7,1017.4,11.0,32.2,34.6
145,53.4,1018.6,6.5,34.6,30.2
146,67.0,1014.2,11.3,30.2,30.7
147,75.3,1013.0,12.4,30.7,29.9
148,65.4,1014.9,10.1,29.9,29.0
149,67.1,1016.2,13.7,29.0,29.9
150,69.4,1013.3,11.8,29.9,28.7
151,58.4,1016.5,11.2,28.7,31.5
152,74.5,1011.4,12.2,31.5,29.8
153,66.5,1013.1,10.6,29.8,32.1
154,73.7,1018.4,4.9,32.1,28.2
155,61.9,1018.2,8.8,28.2,32.4
156,74.7,1015.1,12.2,32.4,33.5
157,67.7,1013.2,8.1,33.5,27.4
158,70.1,1013.1,9.2,27.4,32.6
159,65.0,1015.1,7.5,32.6,34.5
160,61.0,1018.1,13.1,34.5,29.2
161,72.9,1018.9,12.8,29.2,35.6
162,62.7,1014.6,7.6,35.6,32.8
163,51.7,1012.6,9.6,32.8,30.4
164,58.3,1016.8,7.9,30.4,31.8
165,63.0,1013.4,10.4,31.8,33.2
166,65.1,1014.3,10.1,33.2,32.1
167,63.6,1019.8,10.7,32.1,33.2
168,70.6,1018.3,9.7,33.2,30.0
169,53.5,1016.2,14.8,30.0,32.4
170,64.6,1011.9,6.8,32.4,28.9
171,55.0,1016.3,5.4,28.9,31.8
172,68.7,1018.8,7.9,31.8,30.0
173,64.6,1014.4,5.5,30.0,30.4
174,67.5,1019.5,5.6,30.4,34.7
175,57.2,1019.3,6.5,34.7,34.4
176,70.3,1020.3,6.6,34.4,33.3
177,69.5,1016.2,6.5,33.3,29.5
178,69.0,1017.0,9.3,29.5,31.2
179,63.7,1019.4,7.2,31.2,34.6
180,65.9,1016.5,7.8,34.6,32.2
181,59.7,1013.6,9.9,32.2,36.9
182,66.2,1013.7,6.5,36.9,32.7
183,73.5,1015.7,7.5,32.7,32.2
184,70.3,1011.0,8.8,32.2,31.0
185,60.2,1014.4,4.3,31.0,32.0
186,66.2,1018.1,3.5,32.0,31.3
187,56.7,1008.1,9.0,31.3,33.1
188,66.7,1019.2,9.4,33.1,33.6
189,65.7,1017.9,12.6,33.6,29.8
190,54.1,1013.1,8.8,29.8,28.5
191,59.1,1016.1,10.2,28.5,27.3
192,65.1,1014.4,8.3,27.3,32.4
193,61.9,1018.0,9.3,32.4,28.8
194,58.7,1017.2,12.1,28.8,26.4
195,69.7,1010.0,4.6,26.4,32.0
196,65.5,1015.9,9.7,32.0,36.5
197,60.1,1013.4,13.3,36.5,30.9
198,60.1,1014.2,9.6,30.9,32.7
199,69.9,1011.7,12.4,32.7,31.0
200,74.5,1019.1,7.9,31.0,30.5
201,62.0,1016.9,9.2,30.5,32.7
202,59.9,1011.5,9.4,32.7,29.9
203,68.2,1009.6,4.9,29.9,31.0
204,62.4,1012.4,7.1,31.0,31.1
205,63.7,1014.8,7.3,31.1,28.8
206,70.4,1014.2,11.2,28.8,32.3
207,52.3,1017.1,11.4,32.3,29.7
208,73.3,1015.7,10.3,29.7,28.3
209,66.7,1016.1,11.4,28.3,31.0
210,62.1,1014.2,9.5,31.0,27.8
211,66.0,1008.9,12.3,27.8,29.7
212,65.2,1012.4,10.0,29.7,29.5
213,55.1,1016.1,10.1,29.5,31.8
214,73.1,1012.7,9.5,31.8,30.3
215,65.2,1014.3,11.5,30.3,29.1
216,68.4,1011.8,9.3,29.1,30.9
217,70.4,1009.6,12.2,30.9,32.0
218,57.9,1012.3,8.0,32.0,30.0
219,68.0,1013.5,8.2,30.0,28.7
220,64.4,1010.5,11.8,28.7,25.7
221,72.9,1011.7,10.3,25.7,26.1
222,54.8,1009.5,9.6,26.1,27.6
223,66.0,1015.6,12.3,27.6,26.8
224,63.5,1011.3,9.4,26.8,27.6
225,69.2,1016.5,10.3,27.6,28.0
226,69.2,1016.7,13.5,28.0,28.9
227,61.6,1011.8,13.9,28.9,27.4
228,62.5,1008.9,14.0,27.4,28.5
229,65.4,1005.6,10.3,28.5,27.4
230,61.4,1007.4,13.4,27.4,22.8
231,74.6,1007.6,9.1,22.8,24.9
232,66.0,1015.8,9.2,24.9,26.5
233,49.8,1012.0,6.4,26.5,24.1
234,66.5,1012.7,14.4,24.1,27.9
235,60.2,1004.8,9.4,27.9,29.8
236,55.5,1007.8,10.9,29.8,28.9
237,58.4,1014.0,9.4,28.9,25.6
238,68.5,1012.2,12.7,25.6,29.2
239,73.6,1010.8,10.6,29.2,26.1
240,69.4,1012.9,8.7,26.1,24.9
241,64.6,1016.0,12.3,24.9,24.1
242,71.5,1010.4,8.5,24.1,24.6
243,65.7,1011.2,9.8,24.6,24.3
244,64.5,1011.5,7.3,24.3,25.3
245,61.1,1018.1,8.7,25.3,25.2
246,57.6,1004.5,11.9,25.2,24.6
247,66.1,1012.8,7.7,24.6,25.4
248,68.9,1010.4,8.7,25.4,26.9
249,66.5,1012.3,11.6,26.9,26.2
250,65.0,1008.6,10.6,26.2,20.7
251,65.1,1010.4,15.7,20.7,18.2
252,75.9,1012.6,15.4,18.2,25.7
253,59.9,1019.8,10.0,25.7,20.5
254,75.6,1012.8,12.9,20.5,22.8
255,63.5,1007.8,13.3,22.8,20.5
256,66.4,1009.0,10.6,20.5,19.0
257,63.0,1008.9,8.8,19.0,24.0
258,65.8,1004.8,11.8,24.0,24.3
259,74.5,1009.1,11.5,24.3,21.2
260,73.6,1012.3,11.0,21.2,16.6
261,79.1,1006.2,12.8,16.6,20.9
262,73.8,1013.1,10.4,20.9,22.8
263,62.9,1011.4,9.6,22.8,18.5
264,70.1,1007.7,12.2,18.5,22.0
265,65.3,1009.4,12.7,22.0,21.4
266,78.4,1014.6,9.6,21.4,22.5
267,62.5,1012.0,13.8,22.5,21.3
268,75.8,1009.8,8.4,21.3,18.7
269,77.3,1009.0,10.8,18.7,23.3
270,80.2,1009.9,11.5,23.3,20.2
271,68.6,1008.1,10.7,20.2,20.3
272,75.3,1003.3,10.9,20.3,18.1
273,86.0,1015.7,15.7,18.1,19.1
274,68.1,1010.0,10.3,19.1,17.9
275,63.2,1010.7,16.9,17.9,19.3
276,60.3,1009.3,12.9,19.3,23.3
277,73.5,1007.2,12.2,23.3,16.3
278,62.1,1008.8,12.9,16.3,15.6
279,71.6,1004.6,17.0,15.6,22.3
280,72.5,1016.2,10.0,22.3,18.4
281,73.3,1005.6,9.7,18.4,17.2
282,75.4,1006.2,10.4,17.2,20.8
283,72.0,1007.9,12.0,20.8,17.1
284,80.6,1013.1,8.5,17.1,22.2
285,64.1,1009.3,12.0,22.2,19.6
286,67.4,1005.5,15.3,19.6,16.8
287,68.5,1012.9,12.2,16.8,22.5
288,74.7,1011.3,11.3,22.5,16.3
289,78.8,1010.7,10.6,16.3,19.1
290,74.5,1011.3,13.6,19.1,17.9
291,79.5,1016.3,10.2,17.9,20.0
292,64.1,1015.6,15.5,20.0,20.4
293,80.9,1007.0,15.6,20.4,16.9
294,82.2,1013.9,12.3,16.9,15.0
295,78.6,1010.2,11.7,15.0,17.6
296,83.4,1010.5,13.8,17.6,14.9
297,64.3,1004.0,13.9,14.9,20.7
298,67.6,1008.5,10.0,20.7,16.4
299,68.9,1006.6,10.6,16.4,15.2
300,78.4,1011.5,9.0,15.2,16.3
301,67.1,1012.2,12.4,16.3,12.7
302,80.1,1002.8,12.9,12.7,13.4
303,83.4,1008.9,8.8,13.4,18.1
304,76.5,1012.4,10.6,18.1,13.9
305,76.6,1008.4,8.7,13.9,12.9
306,69.5,1011.2,9.6,12.9,16.2
307,68.4,1010.1,12.5,16.2,17.6
308,80.2,1010.0,9.9,17.6,16.4
309,78.0,1008.2,10.7,16.4,16.9
310,72.8,1005.4,8.0,16.9,12.9
311,72.9,1005.7,11.6,12.9,11.3
312,64.2,1011.2,11.1,11.3,17.7
313,66.2,1009.1,9.7,17.7,13.5
314,86.5,1008.6,10.7,13.5,13.6
315,67.4,1007.8,11.4,13.6,17.0
316,74.2,1008.2,9.4,17.0,15.2
317,80.1,1012.2,8.0,15.2,14.8
318,66.8,1008.1,14.5,14.8,18.5
319,73.2,1005.1,9.6,18.5,12.2
320,81.5,1011.4,10.6,12.2,15.6
321,73.9,1008.6,12.8,15.6,13.6
322,92.3,1009.3,17.8,13.6,14.0
323,64.8,1014.0,8.2,14.0,16.6
324,79.6,1009.2,11.5,16.6,14.3
325,73.6,1010.1,9.1,14.3,14.3
326,79.2,1005.8,9.4,14.3,15.4
327,76.6,1008.7,9.0,15.4,12.2
328,71.5,1011.2,8.1,12.2,11.0
329,77.9,1004.7,10.2,11.0,10.5
330,65.7,1010.0,7.3,10.5,8.4
331,81.8,1009.7,12.1,8.4,17.2
332,74.7,1009.6,10.3,17.2,10.2
333,80.9,1012.6,10.9,10.2,12.1
334,82.3,1010.5,9.1,12.1,11.9
335,78.3,1014.0,9.2,11.9,13.1
336,76.2,1006.6,10.5,13.1,14.2
337,69.4,1010.0,7.5,14.2,14.3
338,70.4,1009.9,9.1,14.3,11.0
339,83.7,1006.5,8.0,11.0,11.9
340,84.7,1012.6,7.9,11.9,12.9
341,74.1,1016.8,5.4,12.9,11.7
342,76.5,1009.8,12.2,11.7,15.7
343,68.3,1011.4,8.1,15.7,13.2
344,82.3,1010.2,11.7,13.2,13.7
345,79.0,1007.8,11.5,13.7,13.5
346,86.7,1004.5,6.7,13.5,14.6
347,69.1,1007.9,7.0,14.6,12.4
348,73.5,1005.9,14.3,12.4,9.2
349,79.1,1015.3,12.6,9.2,12.9
350,79.3,1009.9,9.0,12.9,10.6
351,75.6,1009.2,9.5,10.6,10.8
352,71.5,1013.0,7.6,10.8,13.3
353,80.5,1007.0,9.7,13.3,14.7
354,78.7,1008.1,7.3,14.7,12.0
355,70.5,1010.7,4.6,12.0,12.7
356,83.7,1013.6,6.0,12.7,15.8
357,80.8,1012.1,8.6,15.8,12.6
358,76.5,1011.4,6.2,12.6,17.8
359,73.0,1010.9,8.3,17.8,13.3
360,78.5,1011.9,6.2,13.3,8.2
361,73.1,1011.4,6.7,8.2,13.8
362,75.1,1007.8,9.9,13.8,13.0
363,62.5,1011.0,8.6,13.0,15.0
364,79.5,1007.7,8.0,15.0,13.7
365,65.6,1011.3,9.8,13.7,11.9
1,85.1,1009.6,9.0,11.9,9.6
2,75.5,1018.8,11.0,9.6,11.8
3,74.8,1011.1,7.3,11.8,10.5
4,73.2,1007.1,7.4,10.5,11.1
5,74.8,1010.9,5.7,11.1,13.7
6,83.5,1013.0,7.6,13.7,16.2
7,58.6,1016.5,10.4,16.2,13.4
8,82.8,1009.8,11.1,13.4,10.0
9,79.2,1006.8,10.5,10.0,13.6
10,67.8,1014.1,5.1,13.6,15.4
11,67.5,1007.6,10.9,15.4,11.4
12,86.4,1010.5,5.1,11.4,12.6
13,70.0,1011.1,10.7,12.6,13.0
14,68.5,1011.7,8.2,13.0,11.3
15,83.3,1014.0,10.4,11.3,14.5
16,76.5,1010.0,6.4,14.5,12.9
17,69.8,1011.3,11.5,12.9,14.2
18,76.0,1012.1,6.3,14.2,11.4
19,70.2,1012.7,7.9,11.4,12.4
20,82.3,1012.6,7.4,12.4,15.1
21,80.5,1013.7,5.9,15.1,12.8
22,78.7,1015.0,9.7,12.8,17.5
23,74.9,1013.7,13.2,17.5,12.9
24,86.0,1013.9,14.9,12.9,14.4
25,74.6,1007.9,9.9,14.4,16.0
26,66.5,1012.9,12.0,16.0,11.0
27,79.3,1014.2,10.3,11.0,10.3
28,89.5,1015.0,10.9,10.3,10.9
29,70.5,1010.9,9.2,10.9,17.2
30,70.7,1011.0,10.4,17.2,13.3
31,77.7,1011.3,11.1,13.3,20.3
32,70.7,1014.7,8.9,20.3,13.5
33,69.2,1016.3,10.0,13.5,15.3
34,80.8,1012.1,10.1,15.3,18.4
35,86.1,1016.1,11.9,18.4,19.5
36,72.7,1013.8,8.2,19.5,19.8
37,65.9,1013.1,10.3,19.8,18.0
38,63.1,1012.9,14.3,18.0,17.8
39,74.1,1015.9,12.8,17.8,16.9
40,79.7,1014.7,13.2,16.9,17.5
41,75.6,1020.6,10.6,17.5,14.7
42,74.4,1011.3,11.3,14.7,14.3
43,71.1,1015.4,12.7,14.3,16.2
44,66.9,1012.4,13.9,16.2,16.0
45,78.6,1011.4,6.9,16.0,15.5
46,79.4,1014.1,8.2,15.5,18.2
47,63.0,1014.6,13.5,18.2,18.9
48,81.4,1023.0,10.4,18.9,17.1
49,76.4,1013.7,9.6,17.1,20.3
50,79.4,1011.0,8.5,20.3,14.7
51,66.3,1015.2,10.0,14.7,16.9
52,64.8,1008.3,8.3,16.9,15.9
53,72.7,1014.3,15.3,15.9,13.6
54,78.1,1014.7,11.2,13.6,17.6
55,83.4,1017.1,11.1,17.6,17.7
56,76.8,1017.7,12.5,17.7,21.5
57,68.9,1013.3,13.2,21.5,19.7
58,65.2,1014.4,13.3,19.7,16.2
59,80.9,1012.6,13.5,16.2,22.7
60,63.8,1011.6,10.2,22.7,21.5
61,80.1,1016.0,10.9,21.5,20.2
62,69.4,1011.3,13.0,20.2,18.6
63,81.6,1013.9,10.5,18.6,17.2
64,77.0,1012.2,11.6,17.2,18.6
65,71.2,1016.9,12.4,18.6,22.0
66,66.9,1020.7,13.2,22.0,23.9
67,66.8,1011.5,8.1,23.9,23.3
68,71.8,1009.9,13.1,23.3,19.0
69,72.2,1015.1,11.2,19.0,17.8
70,68.9,1015.6,13.2,17.8,20.8
71,69.7,1016.3,13.3,20.8,16.7
72,73.6,1014.3,15.0,16.7,21.5
73,57.5,1015.1,14.5,21.5,20.6
74,73.6,1016.9,14.5,20.6,20.1
75,65.3,1018.9,14.7,20.1,17.8
76,65.6,1010.0,12.4,17.8,22.6
77,59.5,1014.8,11.9,22.6,20.5
78,60.1,1016.6,13.6,20.5,19.3
79,63.5,1013.2,13.4,19.3,15.7
80,69.5,1021.2,11.3,15.7,22.1
81,81.7,1014.2,12.7,22.1,26.2
82,64.3,1016.0,11.9,26.2,26.2
83,68.6,1017.8,10.3,26.2,21.7
84,72.6,1014.4,14.5,21.7,21.5
85,71.1,1010.7,12.1,21.5,24.1
86,68.3,1015.0,16.1,24.1,21.0
87,63.4,1019.4,8.7,21.0,24.0
88,77.5,1015.4,10.9,24.0,25.2
89,78.9,1013.9,12.1,25.2,26.4
90,57.3,1019.2,14.3,26.4,23.7
91,62.9,1015.5,12.8,23.7,23.6
92,67.4,1015.0,12.6,23.6,22.3
93,64.0,1017.0,9.7,22.3,22.6
94,72.7,1018.9,9.7,22.6,24.1
95,64.4,1023.7,12.6,24.1,25.5
96,80.9,1019.1,9.3,25.5,26.9
97,74.2,1020.1,10.9,26.9,23.3
98,70.5,1015.2,13.0,23.3,28.5
99,72.3,1013.6,10.0,28.5,24.8
100,75.0,1016.9,15.2,24.8,25.5
101,64.5,1017.1,14.4,25.5,24.1
102,63.9,1013.5,8.8,24.1,20.5
103,71.4,1016.3,10.1,20.5,28.0
104,71.6,1018.0,7.3,28.0,27.8
105,67.4,1017.9,10.3,27.8,25.7
106,58.3,1018.4,13.4,25.7,26.6
107,62.4,1017.8,11.0,26.6,27.8
108,66.1,1015.4,12.8,27.8,23.3
109,68.7,1015.4,8.8,23.3,25.8
110,79.6,1013.3,13.4,25.8,28.8
111,57.6,1022.3,10.7,28.8,24.5
112,71.5,1017.0,11.8,24.5,28.0
113,75.3,1016.3,11.5,28.0,24.5
114,82.1,1014.2,9.2,24.5,28.7
115,63.6,1025.8,9.4,28.7,27.7
116,69.5,1013.8,13.6,27.7,24.4
117,72.0,1015.7,12.4,24.4,30.6
118,66.0,1018.2,13.7,30.6,26.6
119,66.6,1018.8,12.2,26.6,26.6
120,69.9,1019.9,11.8,26.6,28.9
121,50.6,1022.4,8.0,28.9,31.1
122,68.6,1018.5,10.9,31.1,26.5
123,68.1,1013.8,11.4,26.5,29.0
124,64.5,1016.2,15.3,29.0,29.9
125,77.5,1017.9,12.7,29.9,30.6
126,60.8,1023.2,14.4,30.6,29.6
127,63.0,1012.8,12.5,29.6,28.5
128,78.0,1020.6,9.8,28.5,27.6
129,61.6,1017.5,11.4,27.6,29.8
130,62.0,1019.5,11.6,29.8,27.3
131,65.9,1016.6,9.2,27.3,23.4
132,74.2,1014.4,10.3,23.4,30.9
133,65.9,1019.2,10.6,30.9,32.0
134,56.2,1018.9,14.2,32.0,24.9
135,65.1,1019.8,6.8,24.9,28.0
136,62.8,1016.8,13.3,28.0,31.7
137,63.7,1015.1,8.9,31.7,34.9
138,64.8,1012.2,8.0,34.9,30.5
139,67.4,1019.3,13.1,30.5,29.0
140,55.2,1018.1,12.1,29.0,30.3
141,71.4,1013.9,13.1,30.3,33.8
142,64.4,1015.1,12.2,33.8,29.4
143,73.9,1015.3,14.6,29.4,29.2
144,68.4,1012.2,11.6,29.2,29.9
145,71.8,1014.2,10.1,29.9,29.0
146,68.6,1013.2,11.0,29.0,31.4
147,72.4,1015.4,12.8,31.4,34.8
148,65.5,1014.4,8.7,34.8,32.0
149,63.4,1011.7,8.9,32.0,30.8
150,78.4,1022.6,9.5,30.8,30.8
151,70.1,1020.2,5.9,30.8,28.0
152,69.8,1014.1,10.3,28.0,33.5
153,55.5,1017.2,6.2,33.5,31.4
154,56.6,1017.6,10.0,31.4,31.2
155,66.2,1019.9,11.6,31.2,38.7
156,60.9,1013.8,8.8,38.7,32.4
157,60.1,1019.5,13.1,32.4,30.1
158,66.0,1014.6,6.7,30.1,30.8
159,74.2,1012.2,12.0,30.8,34.3
160,66.8,1018.3,10.9,34.3,32.1
161,57.1,1020.0,6.0,32.1,28.7
162,65.3,1023.8,14.8,28.7,33.9
163,58.0,1012.4,9.2,33.9,30.5
164,62.6,1018.1,7.5,30.5,36.1
165,59.1,1014.7,6.4,36.1,34.3
166,59.7,1018.2,8.7,34.3,31.0
167,57.1,1011.4,8.8,31.0,34.8
168,61.6,1012.0,9.2,34.8,32.1
169,60.6,1013.4,8.3,32.1,33.9
170,45.3,1015.9,10.1,33.9,33.1
171,75.7,1013.7,8.0,33.1,30.1
172,71.7,1017.5,4.8,30.1,30.6
173,62.6,1018.6,8.4,30.6,34.3
174,62.8,1017.3,3.8,34.3,31.2
175,57.4,1020.3,9.2,31.2,31.1
176,74.7,1016.6,6.5,31.1,29.8
177,76.7,1011.6,8.7,29.8,32.9
178,64.4,1019.3,10.9,32.9,36.4
179,67.5,1013.4,6.3,36.4,29.5
180,66.5,1017.9,10.3,29.5,31.9
181,56.0,1019.8,7.2,31.9,34.9
182,59.8,1016.4,11.5,34.9,31.6
183,65.0,1010.5,7.3,31.6,32.8
184,60.8,1012.1,6.4,32.8,29.4
185,64.3,1018.8,9.5,29.4,32.6
186,63.1,1014.3,7.4,32.6,31.2
187,64.0,1014.9,6.6,31.2,33.8
188,63.3,1016.9,7.4,33.8,34.1
189,56.3,1016.7,8.4,34.1,37.2
190,56.6,1015.3,11.2,37.2,32.7
191,55.9,1013.8,4.7,32.7,32.1
192,69.8,1013.4,8.7,32.1,31.7
193,51.5,1016.9,10.0,31.7,30.5
194,71.8,1015.9,9.2,30.5,31.9
195,72.4,1013.4,11.5,31.9,30.5
196,63.1,1017.4,8.8,30.5,31.4
197,48.7,1013.7,8.6,31.4,33.9
198,60.7,1011.4,10.2,33.9,28.7
199,65.6,1011.6,9.3,28.7,33.3
200,57.2,1010.9,8.4,33.3,33.6
201,59.9,1013.0,10.3,33.6,30.4
202,74.2,1017.4,8.0,30.4,25.9
203,71.7,1011.2,8.2,25.9,29.1
204,60.2,1014.1,8.4,29.1,33.2
205,53.7,1011.5,12.2,33.2,30.2
206,63.1,1012.7,3.1,30.2,28.0
207,65.1,1008.8,10.4,28.0,29.0
208,68.8,1012.6,9.8,29.0,31.8
209,60.9,1012.7,6.4,31.8,31.1
210,67.6,1014.8,10.4,31.1,29.2
211,77.3,1013.8,10.8,29.2,28.8
212,70.8,1009.4,11.1,28.8,28.7
213,65.7,1016.2,4.7,28.7,27.4
214,65.7,1013.5,12.8,27.4,32.8
215,61.4,1013.4,8.6,32.8,28.5
216,73.2,1012.7,11.6,28.5,31.7
217,60.4,1011.1,11.7,31.7,32.3
218,64.1,1013.3,8.5,32.3,31.0
219,64.9,1014.0,11.7,31.0,27.7
220,63.6,1007.2,9.6,27.7,29.4
221,57.3,1010.8,6.3,29.4,28.4
222,68.1,1011.6,12.9,28.4,26.3
223,67.1,1013.0,9.0,26.3,28.9
224,68.9,1015.8,8.9,28.9,25.4
225,64.7,1009.8,9.9,25.4,30.5
226,72.2,1010.6,11.3,30.5,26.7
227,61.9,1010.5,10.7,26.7,28.0
228,76.6,1009.5,11.9,28.0,28.1
229,55.9,1010.8,8.2,28.1,26.7
230,69.8,1014.1,9.4,26.7,28.5
231,69.0,1008.6,10.7,28.5,26.0
232,62.8,1013.0,14.8,26.0,28.8
233,68.5,1006.5,10.8,28.8,23.8
234,76.6,1009.9,13.3,23.8,26.8
235,53.8,1010.5,11.2,26.8,30.7
236,67.8,1016.5,10.2,30.7,24.0
237,53.8,1010.5,10.7,24.0,24.6
238,62.6,1004.7,10.9,24.6,27.1
239,76.7,1005.2,12.5,27.1,26.2
240,64.0,1011.3,14.1,26.2,26.4
241,60.3,1013.0,12.1,26.4,26.5
242,66.1,1012.2,13.8,26.5,26.7
243,79.6,1011.5,9.5,26.7,27.6
244,55.7,1014.4,10.7,27.6,25.9
245,61.4,1009.3,10.1,25.9,24.3
246,77.6,1013.5,12.2,24.3,26.1
247,78.7,1005.9,10.9,26.1,28.6
248,65.4,1008.0,13.1,28.6,24.0
249,61.4,1005.2,9.8,24.0,22.0
250,82.6,1009.8,11.8,22.0,26.4
251,76.9,1010.4,13.1,26.4,23.5
252,73.2,1010.8,7.6,23.5,18.8
253,67.0,1010.6,16.0,18.8,25.3
254,67.7,1007.6,11.2,25.3,22.1
255,69.0,1009.8,7.7,22.1,22.9
256,71.4,1005.8,12.1,22.9,23.7
257,77.7,1014.3,11.9,23.7,23.2
258,74.6,1009.3,11.7,23.2,24.2
259,62.2,1008.7,13.9,24.2,21.5
260,78.6,1014.8,13.4,21.5,23.4
261,71.0,1006.3,12.5,23.4,21.5
262,74.4,1006.6,12.8,21.5,23.5
263,77.9,1006.7,11.7,23.5,23.1
264,62.7,1009.7,15.5,23.1,19.5
265,71.3,1011.2,9.0,19.5,23.8
266,65.7,1012.0,12.2,23.8,20.0
267,61.8,1017.5,12.1,20.0,22.8
268,71.6,1003.0,13.6,22.8,21.7
269,85.3,1011.5,10.3,21.7,24.8
270,57.3,1008.0,8.5,24.8,20.1
271,71.0,1007.9,12.3,20.1,19.6
272,75.3,1007.7,12.6,19.6,20.2
273,71.8,1006.8,15.0,20.2,19.4
274,70.9,1014.6,9.5,19.4,21.6
275,62.4,1012.0,14.3,21.6,16.1
276,74.9,1009.5,16.7,16.1,17.2
277,68.3,1013.5,11.2,17.2,17.0
278,59.9,1004.8,9.4,17.0,21.3
279,77.6,1005.4,11.2,21.3,22.8
280,75.3,1002.8,12.0,22.8,18.6
281,72.3,1007.2,13.1,18.6,18.3
282,73.6,1009.8,10.8,18.3,18.7
283,78.4,1009.6,15.1,18.7,20.9
284,72.0,1009.7,9.7,20.9,16.2
285,78.9,1005.0,8.4,16.2,18.6
286,70.3,1011.6,14.1,18.6,20.1
287,79.0,1009.9,7.3,20.1,18.9
288,73.8,1011.3,11.5,18.9,18.0
289,73.6,1003.4,18.1,18.0,19.6
290,63.8,1010.0,11.8,19.6,11.3
291,78.1,1005.5,9.6,11.3,18.6
292,67.0,1007.9,11.7,18.6,15.5
293,70.0,1010.7,11.7,15.5,12.8
294,70.6,1009.3,12.1,12.8,17.8
295,66.1,1006.5,13.1,17.8,19.6
296,84.2,1009.1,9.6,19.6,16.1
297,81.5,1004.4,15.1,16.1,18.4
298,83.7,1012.5,12.1,18.4,19.7
299,64.1,1008.4,13.1,19.7,18.9
300,72.3,1012.4,10.3,18.9,19.5
301,63.8,1007.4,14.1,19.5,17.3
302,68.6,1007.4,11.0,17.3,15.7
303,68.2,1006.7,12.1,15.7,11.9
304,83.5,1011.6,9.6,11.9,14.8
305,72.0,1006.9,9.4,14.8,13.3
306,81.6,1010.9,12.8,13.3,19.8
307,74.9,1007.9,10.5,19.8,14.6
308,88.3,1003.1,9.6,14.6,15.1
309,65.3,1007.3,10.0,15.1,15.9
310,81.2,1005.5,12.6,15.9,14.7
311,81.3,1009.1,9.9,14.7,18.2
312,66.4,1005.5,10.9,18.2,13.0
313,81.4,1011.8,11.2,13.0,14.7
314,76.4,1008.8,7.2,14.7,12.5
315,74.3,1008.5,8.1,12.5,11.1
316,71.6,1011.1,11.7,11.1,12.6
317,71.3,1012.0,9.5,12.6,13.8
318,87.2,1009.1,13.0,13.8,12.8
319,75.5,1006.8,12.8,12.8,12.1
320,80.6,1003.8,12.2,12.1,10.5
321,72.2,1007.1,14.4,10.5,13.3
322,70.6,1007.3,10.5,13.3,10.1
323,83.7,1009.5,11.9,10.1,15.0
324,66.1,1008.2,9.4,15.0,13.4
325,72.7,1011.3,15.4,13.4,9.9
326,77.5,1007.5,14.5,9.9,12.4
327,76.5,1009.1,10.5,12.4,11.3
328,75.3,1012.9,11.2,11.3,13.6
329,77.4,1010.4,13.0,13.6,15.8
330,77.9,1009.2,10.0,15.8,8.6
331,82.4,1007.6,8.9,8.6,12.9
332,69.5,1007.6,11.9,12.9,12.3
333,74.1,1006.9,10.3,12.3,14.0
334,81.9,1007.9,10.4,14.0,13.0
335,80.8,1011.8,8.3,13.0,10.8
336,68.5,1008.9,6.5,10.8,11.7
337,78.3,1005.6,10.3,11.7,10.6
338,65.0,1015.0,11.6,10.6,14.7
339,74.7,1010.7,9.3,14.7,12.3
340,87.2,1005.5,12.5,12.3,16.4
341,67.7,1008.5,8.2,16.4,12.1
342,71.0,1010.2,7.4,12.1,10.6
343,81.4,1015.0,9.3,10.6,8.8
344,68.7,1006.6,9.2,8.8,8.1
345,74.5,1012.9,10.9,8.1,8.6
346,81.6,1014.2,7.7,8.6,12.7
347,71.8,1008.2,12.0,12.7,13.2
348,73.9,1009.3,13.1,13.2,8.6
349,82.5,1007.0,9.0,8.6,14.0
350,77.3,1009.6,11.5,14.0,10.9
351,78.2,1010.1,6.8,10.9,12.3
352,73.8,1012.3,11.0,12.3,15.5
353,76.1,1013.6,10.9,15.5,14.0
354,74.1,1008.2,10.5,14.0,11.4
355,79.1,1004.6,8.7,11.4,10.0
356,74.2,1010.4,2.7,10.0,7.3
357,77.7,1011.4,7.3,7.3,10.4
358,71.0,1011.4,7.2,10.4,11.6
359,76.0,1009.7,6.5,11.6,9.9
360,72.4,1011.1,8.6,9.9,11.8
361,69.4,1015.3,7.4,11.8,12.3
362,77.4,1012.0,6.6,12.3,11.6
363,77.5,1009.8,6.0,11.6,10.7
364,81.5,1009.5,6.6,10.7,12.6
